[
    {
        "id": "4",
        "nombreProd": "adidas U_Path Run",
        "precioProd": 13000,
        "imagenProd": "images/imagenes-details/adidas.jpeg",
        "descripcionProd": "Las zapatillas U_Path Run lucen un diseño innovador que combina lo clásico y lo moderno.Presentan un exterior de malla suave y transpirable, perfecta para tu día a día.El sistema de cordones exclusivo aporta un toque vanguardista a tu estilo, mientras que el refuerzo del talón con tirador te ofrece mayor estabilidad."
    },
    {
        "id": "6",
        "nombreProd": "Fila Jogger",
        "precioProd": "8000",
        "imagenProd": "images/imagenes-details/imagenProd-1633050817517-315982948105492108_302333681028451_4827528820019064890_n.jpg",
        "descripcionProd": "Las zapatillas Fila Fore Jogger están confeccionadas en poliéster y materiales que las hacen resistentes y duraderas para todo tipo de uso. Su diseño se inspira en líneas deportivas y colores rústicos para dar como resultado un look urbano fácil de combinar con tus outfits. La suela de goma te ofrece la tracción necesaria sobre la superficie mientras que el ajuste con sistema de cordones te brinda el control personalizado."
    }
]